1,Aaron Anderson
4,Aaron Bannavong
4,Aaron Bendickson
1,Aaron Christensen
1,Aaron Donny-Clark
3,Aaron Erisman
5,Aaron Garberding
1,Aaron Ling
1,Aaron McAbee
1,Aaron Miller WA
4,Aaron Shervin
1,Abdulla Syed
1,Adam Aly
1,Adam Chesbrough
1,Adam Jenkins USA
1,Adam Smith
1,Adam Sturm
1,Adria Mavis
1,Adrianne Grondahl
1,Age Diaz
1,AJ Schofield
3,Alan Wiley
1,Alan Woodyard
2,Alex Arzoumanian
1,Alex Baker
3,Alex Bellinghausen
2,Alex Hart
2,Alex Hawley
1,Alex Hoganson
2,Alex Miel
1,Alex Rice
1,Alex Sarles
4,Alex Singleterry
5,Alex Skinner
2,Alex Sperellis
5,Alex Tada
4,Alexa Philbeck
3,Alexander Simchuk
1,Alexander Young
2,Alexandre Davis
5,Algird Lisaius
1,Alicia McGee
1,Alicia Seftel
2,Allen Wood
4,Allison McClure
1,Ally Christofferson
3,Altwin Hawksford
3,Alyson Ruby Rae
1,Amber Cecil
2,Amber Marie Simon
1,Amber Pepin-Turbide
2,Amber Roy
1,Amberle Houston
3,Andre Needham
1,Andrea Mas
1,Andrew Bolt
2,Andrew Cole WA
1,Andrew Evans
3,Andrew Hopper
4,Andrew Jamieson
4,Andrew Nunes
1,Andria Keirn
6,Andy Burton
5,Andy Cobb
1,Andy Evans
3,Andy Glass
1,Andy Hatch
5,Andy Yarritu
1,Andyroo Callan
1,Angie Parker
1,Anna Cartella
1,Anne Swanson
1,Anthony Ciampi
5,Anthony Giles
1,Anthony Gragnani
3,Anthony McCammant
4,Anthony Welters
1,Antonio Borbon
3,Ari Golding
1,Ari Stinson
3,Ariel Bedolla
1,Arthur Alvarez
1,Ash Landers
1,Ashley Negron
1,Ashley Shoenberger
5,Ashley Weaver
1,Atomic Sita
1,Atticus Wiman
1,Audrey Hare
1,August Spain
5,Austin Arlitt
1,Austin Craig
1,Autumn King
1,Banjo Mike
2,Barry Kornegay
1,Ben Flaster
1,Ben Ford
1,Ben Futrell
1,Ben Pownall
1,Benny Phanichkul
4,Benton Seybold
1,Beth Petrick
1,Bethany Brakemeyer
1,Bianca Coleman
4,Bill Bailey
3,Bill Volckening
3,Blake Butler
6,Blake Mitchell
4,Bo Kellogg
2,Bob Rosingana
1,Bobby Boden
6,Bobby Conover
1,Bolt Stuart
1,Brad Crowden
1,Brad Hayden
4,Bradford Orand
1,Brandon Keller
1,Brandon Lorenz
1,Brandy Shea
1,Brayden Porter
4,Bre Lloyd
1,Brea Hiramoto
2,Breanna Felix
3,Brenna Bechtold
1,Brennan Smith
1,Brent Longenecker
1,Brenton Ash
4,Brett Wolfe
6,Brian Bower
5,Brian Chesbrough
1,Brian Geiszler
5,Brian Headley
4,Brian Hegstad
4,Brian Hyder
1,Brian Meaker
1,Brian O'Neill WA
1,Brian Shepard
1,Brian Wilka
1,Brian Young
3,Brianne Hunt
1,Bridgette Thimsen
1,Brieana White
1,Brittany Gillia
1,Brittany Grant
1,Brittany Semrow
5,Brodi Bacchus
1,Brodie Somers
4,Brooke Borcherding
1,Brooke Crisp
6,Bryan Eastman
1,Bryan Littlefield
2,Bryn Bomar
3,Bubbles Shaiman
1,Buzz Johnson
3,Cameron Austgen
1,Cameron Dean
1,Cameron Fraser
1,Candace Fields
1,Carl Davis
1,Carrie May
2,Carrie Wilson
1,Carter Gyasi
1,Casey Ellis
1,Casey Jones
1,Casey Nolan
1,Cassie Medici
1,Cathy Gilbert
6,Cayle George
2,Chad Adams SEA
1,Challisa Parisi
1,Chandler Sapp
4,Charles Olson
1,Charlie Cohn
1,Charlie Savage
1,Chelsea Rakonza
1,Chelsey Oedewaldt
2,Chelsie Hulka
1,Chico Santana
3,Chole Crumbliss
1,Chris Aquino
5,Chris Borgstadt
2,Chris Bronson
6,Chris Chinn
2,Chris Harrington
5,Chris Kimbrough
1,Chris Miles
2,Chris Morris-lent
1,Chris Nissen
1,Chris Noerr
2,Chris Page
1,Chris Sadowski
5,Chris Tinney
1,Chris Vela
1,Christel Macabeo
1,Christian Anderson
1,Chryste Ferrara
1,CJ Frederick
1,CJ Watson
2,Claire Burke
2,Clare Green
1,Clay Vondra
1,Clayton Malcom
2,Clayton Michael
3,Clayton Stetz
3,Clinton Peterson
1,Colin Avrech
6,Colin Urban
1,Colleen Schroht
1,Collin Walker
1,Colton Christensen
5,Connor Macheras
6,Connor Stowe
1,Connor Vermeys
1,Conrad Gains
3,Corbin Sheffels
1,Corey Barreras
1,Corey Klier
1,Corey Turley
3,Cory Lampe
2,Cory Moormeier
4,Craig Cainkar
1,Craig Geaschel
2,Craig R Jones
1,Craig Sherbahn
1,Cristian Pecile
1,Croix Frigo
1,Crystal Ambrose
1,Dan Atchison
4,Dan Corcoran
2,Dan Crowdus
3,Dan Danger
1,Dan Doherty
4,Dan McLane
1,Dana Harper
3,Danae Hackett
3,Dane Hjeresen
1,Daniel Marino
2,Daniel Mays
1,Daniel Miller WA
1,Daniel Plaisted
1,Daniel Reddin
6,Daniel Rone
4,Daniel Salo
1,Daniel Scott Clark
4,Daniel Trobare
2,Danielle Crowson
2,Danielle Wilcox
4,Danny Rashid
1,Darick Ty
5,Darin Lange
1,Darryl Tillman
1,Dave Bush
5,Dave Dimoff
1,Dave Kane
1,Dave Lerner
1,Dave Mealy
1,Dave Ritter
6,Dave Stewart
5,David Chernicoff
1,David Donner
1,David Griffin
6,David Johnston US
1,David Latimer
5,David Morell
2,David Palen
3,David Rauschenberg
3,Dawnda Durbin
1,Daysha Gunther
1,Dean Shivers
1,Deborah Torrison
3,Dennis Ayres
1,Derek Lee
6,Derek Miazga
1,Derek Muertos
1,Derek Neal
1,Derrick Downing
5,Devan Bland
6,Dickie Hornaman
1,Diego Medrano
1,Dieter Hundt
1,Dingo Freid
5,Dingo Hilgard
1,Dj Youngblood
1,Dominique Shadduck
1,Donovan Packman
1,Doug Broadbent
1,Doug Turney
2,Douglas Hansen
4,Drew Mulkey
1,Drew Penhollow
1,Dustin Ryerson
4,Dwayne Collins
1,Dylan Higgins
3,Dylan Reiff
4,Dylan Snow
1,Ed Cendejas
2,Edmund Nash
4,Elijah Nelson
2,Elizabeth Gerth
4,Elliott Johnson
2,Emerson Gelb
3,Emily Beirne
2,Emily Gibian
1,Emily LaPatra
1,Emily Tower
1,Emily Young
4,Emma Eichhorn
3,Emma Frost
1,Emma Hellthaler
5,Eric Csakany
1,Eric Dushoff
1,Eric Eastman
1,Eric Garrison
5,Eric Morales
1,Eric Ngonevolalath
1,Eric Torrison
1,Erick Hohnstein-Van Etten
6,Erik Graciosa
5,Erik Gust
2,Erin Shadensack
5,Esther Ahronheim
1,Esty Randolph
1,Ethan Johnson
1,Eva Ngo
4,Evan Adkins
2,Evan Eckles
2,Evan McBride
1,Evan Seftel
1,Evan Severson
5,Evan Williams
5,Fabian Benabente
1,Fabian Hartmann
1,Fernando Pizarro
2,Fiona Chiong
4,Flash Haze
5,Forrest Avery
1,Forrest McIntyre
1,Foster Cronyn
1,Frank Haltom
4,Frank Sposaro
3,Frankie Fingers
1,Fred Wilmot
1,Freightlin Cox
1,Gabrielle Torrison
1,Garret Croxon
1,Garrick West
4,Gavin Carrol
1,Geoff Greene
2,Geoff Jensen
3,Geoff Simons
2,George Kent
1,George Lally
5,Gilbert Sandejas
1,Gillian Thomas
3,Glenden Hoyt
3,Gordon Ornelas
3,Graham Klym
5,Graham Newman
1,Graham Wood
1,Greg Balducci
1,Greg DiCarlo
5,Greg Dunlap
1,Greg Gramenz
1,Greg Henak
1,Greg Larson
1,Haley Mountain
5,Hannah Hatch
1,Hannah Schurman
1,Hannah Van Pelt
2,Harold Noble
3,Hayden McCabe
3,Haylee Morse-Miller
1,Heather Brammer
4,Heather Loudon
1,Heather Shypula
1,Heather Stevenson OR
3,Heather Willott
2,Holli Winchell
3,Honi Harrison
2,Ian Beatson
1,Ian Humphreys
4,Ian Spicknall
2,Illirik Smirnov
4,Isaac Grams
1,Isaac Harney
3,Isaac Kaplan-Woolner
1,Isaac Vicknair
1,Ivan Gwynn
3,Jackson McComish
1,Jackson Ryan
1,Jacob Bevan
1,Jacob Ricker
1,Jacob Selby
2,Jake Beckerman
1,Jake Cochrane
5,Jake Hei
1,Jake Smith WA
1,James Brown
5,James Daniels
6,James Frost-Winn
1,James Gibson
1,James Kim
1,James Maltos
2,James Orrell
1,James Pettengill
5,James Thompson
1,Jamie Edison
5,Jamie Winsor
1,Janet Owen
5,Jaran Jones
4,Jared Baldridge
1,Jared Bayliss
1,Jared Gamble
1,Jared Kramer
6,Jared Schmidt
6,Jarrett Gaddy
1,Jarrod Job
5,Jasmijn De Jong
1,Jasmine Palmer
1,Jason Andersen
1,Jason Borhauer
4,Jason Burton
4,Jason Galginaitis
5,Jason Hatch
3,Jason Heitt
1,Jason Holm
1,Jason Lombard
1,Jason McLean
1,Jason Price
3,Jason Trojan
1,Jay Hain
5,Jay Marks
1,Jay Ostby
1,Jay Sowell
4,Jay Sweeney
2,Jay Waymire
2,Jeff Anderson WA
6,Jeff Debock
1,Jeff Dicker
5,Jeff Dillaman
4,Jeff Gagnon
5,Jeff Hart
5,Jeff Lee OR
1,Jeff Rogers
2,Jeff Sawyer
1,Jeff Smith
2,Jeff Welling
1,Jenn Urrabazo
1,Jennell Baldwin
2,Jenny Vidovic
3,Jeremiah Ratledge
2,Jeremy Edwards
1,Jeremy Jones
1,Jeremy Liteky
1,Jerison Reidell
1,Jesse Bartolotta
1,Jesse Chappelle
5,Jesse Labbe
1,Jesse Mercury
3,Jesse Mullene
1,Jesse Rinehart
2,Jessica Dengler
1,Jessica Yelley
1,Jim Edwards
1,Jim Henderson
1,Jim Suplizio
1,Jo DiCarlo
1,Jocye Hamilton
2,Jodine Hatfield
2,Joe Callaghan
4,Joe Ricci
1,Joe Tortorice
6,Johan Bernhardtson
5,John Garnett
5,John Hartman
5,John Hurd
1,John Ledeman
3,John Lim
5,John McAllister
3,John McConnell
1,John Nelson
3,John Orrell
4,John Overly
6,John Robinson WA
2,John Tierney
2,John Wilson
3,JohnNils Olson
3,Johnny Hill
2,Johnny Mayer
5,Jon Jacob
2,Jon Jow
6,Jon Salzman
6,Jon Shaiman
1,Jon-Thomas Butler
2,Jonathan Hawthorne
5,Jonathan Illig
1,Jonathan Lee
6,Jordan Semrow
4,Jorge Romero
2,Josh Anderson WA
5,Josh Bellinghausen
1,Josh Dupraw
1,Josh Evans
1,Josh Free
4,Josh Hornbaker
4,Josh Neuens
1,Josh Schaffner
1,Josh Swaney
1,Josh Teodoro
3,Joshua Barnes
4,Joshua Bartlett
1,Joshua DeGarmo
5,Joshua Francis
3,Joshua Simon
1,Josue Mendez
1,Joy Nash
1,JR DeMartino
1,Julia Simpson
4,Julie Gray
2,Justin Ari
3,Justin Blau
5,Justin Hugeback
1,Justin Kusar
4,Justina Russo
1,Kai Ball
4,Kane MacAniff
1,Kara Kaye
1,Karla Rivers
1,Kasey Bond
1,Katelyn Broxson
1,Kathleen Greenhaw
4,Kathy DeBoer
4,Katie Eichenberger
2,Katie Janis
1,Katie Newman
1,Katy Keenan
1,Katy Vaughn
1,Kay Kay
1,Kayla Ferguson
3,Kayla Greet
1,Keegan Kelly
1,Keenan Goodall
1,Keith Wolfe
6,Kellan Kirkland
1,Kellan Smith
1,Kelly Alexander
2,Kelly Phair
1,Kelsey Myers
2,Kelsie Sherman Hall
4,Ken Connel
1,Ken Dean
2,Ken Johnson OR
6,Ken Martin
1,Kenna Amen
6,Kevin Birrell
1,Kevin Coulton
4,Kevin Lessig
1,Kevin Ochsner
2,Kieonna Ford
1,Kimi Bartram
1,Kirk Brandvold
1,Kirk Nelson
1,Kirk Zehrung
1,Kirsten Wohlrab
1,Kitty
1,Kolby Krie
1,Kordell Roberts
4,Kyle Condell
1,Kylie Waibel
1,L.T. Thompson
4,Landon Martin WA
5,Lane Hill
1,Laura Hale
1,Laura Minter
1,Lauren Aiello
4,Lauren Aquino
2,Lauren Shepherd
1,Lawrence Campbell
1,Lawrence Cushman
1,Layne Eddy
4,Lefty Sitaras
1,Lenny Jackson
1,Leo Gonzalez
3,Leslie J Martin
1,Lester Mass
2,Levi Dittebrandt
2,Lex Albrandt
2,Lexi Whittemore
1,Lilly Belle
1,Lina Davidson
1,Lina Mooney
1,Linda Volckening
1,Lisa Perkins
1,Liz Walsh
1,Lo Rojas
1,Logan Bear
2,Lonnie Carroll
1,Lonut Trestian
1,Louie Hamlett
3,Lucas Arias
2,Lucas Posey
2,Lucy Hoffman
1,Luke Bullert
4,Luke Camarda
1,Lyn Cason
1,Mackenzie Meinhordt
1,Maddie Bryant
3,Madeleine Benz
1,Maia Ayoola
1,Maia Williams
6,Maka Honig
2,Malcolm Roberts
2,Mandie Moore
1,Mandolin Noir
5,Marc Delgado
1,Maria Reidell
1,Marilyn Braighboy
1,Marin Alexander
1,Mark Daddy
3,Mark Demmel
2,Mark Licastro
2,Mark McClure
2,Mark Ostler
1,Mark Rueter
3,Mark Williams WA
2,Mark Wistrom
1,Martin Rivero
1,Mary Quinn
2,Masando Jensen
6,Mathew Peterson
5,Matt Anderson WA
1,Matt Banderra
3,Matt Bollinger
4,Matt Cohn
5,Matt Galbraith
4,Matt Golden
4,Matt Lauro
1,Matt Phillips
1,Matt Picurro
1,Matt Salmon
3,Matt Sarnoff
3,Matt Slater
4,Matt Watts
2,Matt Wolfe
1,Matt Yates
1,Matt Zulak
1,Matthew Ellis
1,Matthew Kimball
1,Matthew Levi Tate
1,Matthew Puvogel
1,Matty Edwards
5,Maureen Hendrix
5,Max Davidoff
1,Max Gorbman
1,Max Irvine
1,Max Levine
2,Max Stiles
3,Megan Czahar
2,Meghan West
1,Melaina Robertson
1,Melena DeLeon
2,Melissa Hartman
1,Melissa Miller
1,Meral Husnein
1,Mia Shaughnessy
5,Michael Adcock
2,Michael Darigol
1,Michael Helmick
2,Michael Jones
5,Michael Rausch
5,Michael Senff
4,Michael Ulmen
1,Michael W Stuart
4,Michael Warfield
1,Michael Woods
2,Michael Zuino
1,Michelle Dobbs
1,Michelle Duskey
1,Michelle Jones
1,Michelle McDaniel
1,Michelle Pfeiffer
3,Miguel Ferry
5,Mika Rollin
1,Mike Cook
6,Mike Corbett WA
1,Mike Morton
1,Mike Norman
6,Mike Pantoliano
1,Mike Poetzel
5,Mike Smith PDX
1,Milena Molina
5,Mitchell D. Anderson
1,MJ Moscola
3,MK Walker
1,Molly Foster
1,Monica Pedraza
1,Morgan Harmon
1,Morgan Verburg
1,Natalie doerning
2,Natalie Jackson
1,Natasha Boyde
3,Nate Cantor
4,Nate Carter
1,Nate Dominguez
1,Nathan Krause
2,Nathan Martin
1,Nathan Paine
5,Nathan Stellhorn
1,Nathan Tompkins
1,Nathaniel Dominguez
5,Neil Kubath
3,Neil Oney
4,Nic Crowson
1,Nicco Matteo
2,Nick Bates-Benitez
3,Nick Gibson
1,Nick Koehler
1,Nick Lindsay
2,Nick Pernisco
4,Nick Taseris
1,Nicole Carter
1,Nicole Gates
3,Nicolette Biskamp
1,Nif Ward
3,Nigel Colbert
5,Nik Sear
1,Nikki Davis
4,Nikolai Shere
1,Nina Ricciardi
1,Noah Perkins
1,Noriko Ho
4,Nycole Hyatt
2,Oliver Kohut
2,Patrick DeGiovanni
1,Patrick Law
1,Patrick May
1,Paul Groth
5,Paul Robertson
3,Paul Schaffer
4,Paul White
4,Paul Williams
1,Pete Mitchell
1,Peter Gapinski
1,Peter Hon
1,Peter Olive
5,Peter Schatzer
1,Phil Harmonic
2,Phil Piwonka
5,Philip Joupperi
1,Philip Pinette
1,Philippe Siruno
4,Phillip Dodt
1,Plastik Yarbrough
1,Pony Hurlbert
1,Quin Kennedy
1,Quinn Richter
2,Rachel Helm
3,Rachel Kahalekulu
1,Rachel Stack
3,Ramsey Sierra
2,Randall Olson
1,Randi Aiken
1,Randy Chung
2,Randy Huynh
6,Raymond Davidson
1,Rebecca McDaniel
1,Rebecca Sebastian
1,Rebekah MacNeil
1,Reggie Tanner
5,Ren Logan
1,Renee Hwang
2,Rhett Pearson
1,Richard Mosley
1,Richard Pugh
1,Richard Scott
6,Richie Terry
5,Rick French
3,Rick Simpson
2,Ricky Jurey
1,Rigo Albor
1,Rita Perez
1,Ro Chelle
1,Rob Atlas
5,Rob Iggulden
1,Rob Lincoln
5,Robbie Finnigan
1,Robert Evans
5,Robert Rowland
1,Robert Spicknall
3,Robin Moore
1,Rodney Olsen
1,Roni Darko
2,Ronnie Vanwormer
1,Rose Spain
3,Ryan Borras
1,Ryan Buma
2,Ryan Henak
2,Ryan Loftus
2,Ryan Newstrum
5,Ryan Penrod
3,Ryan Tupper
6,Sagel Frazier
4,Sam Atlas
2,Sam Bury
1,Sam Meyer
3,Sam Snyder
3,Sam Stiles
1,Sandy Fillman
2,Sandy Magallanes
3,Sara Urban
1,Sarah Decory
4,Sarah Hager
1,Sarah Ledray
1,Sarah Spurr
1,Sasha Frenkel
5,Scott Benoit
1,Scott Helgason
1,Scott Kelly
1,Scott Kulick
1,Sean Bray
1,Sean Carlson
3,Sean Cunningham
3,Sean Detore
1,Sean Gallagher
6,Sean Irby
1,Sean Keyes
5,Sean Mcdonald WA
2,Sean Shypula
1,Selfick Ng-Simancas
5,Sergey Posrednikov
2,Shamir Shummee
1,Shana H
1,Shannon Bradshaw
1,Shannon Williams
1,Shawn Chamberlain
1,Sherae Lascelles
1,Sherry Smith
1,Sicily Robinson
1,Sid Miner
1,Siera Lester
1,Simon Cardoza
1,Skye Fleming
1,Sophia Brooks
2,Sophie Spickard
1,Spencer Boyer
1,Stacy Wilson
4,Stanlo Slasinski
1,Star Bjorge
3,Stefan Novak
3,Steph Hanlon
5,Stephanie Davidson
1,Stephanie Sposaro
1,Stephen Brundle
5,Stephen Donaldson
3,Stephen Rakonza
1,Stephen Rarick
1,Steve Bond
4,Steven Ackley
5,Steven Brewer
1,Steven Mendez
1,Stewart Monks
1,Stewart Smith
1,Stuart Young
1,Sylvia King
1,Taylor Farris
5,Taylor Minter
1,Tenee Brockington
1,Terrence Vaccaro
1,Thom Geibel
5,Thomas Urban
1,Tido Ostergaard
4,Tim Barter
5,Tim Collins
1,Tim Hoit
6,Tim McCool
1,Tim Sassafrass
6,Tim Tournay
5,Tim Uomoto
4,Timm Shere
1,Timothy Kitchen
4,Tis Lais
1,TJ Denne
5,Todd Larsen
6,Todd Rafacz
2,Tom Pirie
1,Tom Walsh
2,Tomar Schell
3,Tommy Schessler
1,Tony Bacus
3,Tony Mitchum
5,Travis Echert
5,Travis Grimes
2,Travis Johnson
5,Travis Maisch
1,Tressa Points
1,Trina Wheatley
1,Tristan Mott
1,Tristan Ward
2,Tyda Chhaysy
1,Tyler Bentley Adams
1,Tyler Dellinger
1,Tyler Esselstrom
1,Tyler Lingwall
1,Tyler Moore
1,Tyler Morgan
2,Tyler Vane
4,Umboon Moore
4,Vanessa Ish
1,Vanessa Mossop
4,Vic Pitre
1,Victor Andersen
1,Victor Shergill
1,Victoria Satterfield
5,Vincent Sperrazza
1,Whitney Davis
3,Whitney Fentress
1,Whitney Zissou
3,Will Kirkland
1,Will Shull
2,William Gordon
4,William Kerney
3,William Scott Jordan
1,Yhoni Keleta
2,Zac Petersen
2,Zach Amador
1,Zach Weirup
1,Zack Speron
2,Zak Geier
2,Zeke Gough
1,Zoe Ackerman
6,Zoe Vrabel
1,Zoe Winter
3,Zofia Gil
2,Zolaire
